# status|lane|cfg|variant|top|LUT|FF|DSP|WNS_ns|Fmax_MHz
OK|1lane|fp16_fp16_fp16|4c|fp16_fp16_fp16_mac_4c|215|150|1|-0.902|320.10
OK|1lane|fp16_fp16_fp16|5c|fp16_fp16_fp16_mac_5c|232|180|1|0.000|450.05
OK|1lane|fp16_fp16_fp16|6c|fp16_fp16_fp16_mac_6c|220|212|1|0.024|454.96
OK|1lane|fp16_fp16_fp32|4c|fp16_fp16_fp32_mac_4c|542|184|1|-1.481|270.05
OK|1lane|fp16_fp16_fp32|5c|fp16_fp16_fp32_mac_5c|542|216|1|-1.600|261.64
OK|1lane|fp16_fp16_fp32|6c|fp16_fp16_fp32_mac_6c|539|277|1|-1.432|273.67
OK|2lane|bf16_bf16_bf16|4c|bf16_bf16_bf16_mac_4c|396|242|1|-0.447|374.67
OK|2lane|bf16_bf16_bf16|5c|bf16_bf16_bf16_mac_5c|459|334|1|-0.298|396.83
OK|2lane|bf16_bf16_bf16|6c|bf16_bf16_bf16_mac_6c|450|398|1|0.048|459.98
OK|2lane|bf16_bf16_fp32|4c|bf16_bf16_fp32_mac_4c|1119|396|1|-2.572|208.59
OK|2lane|bf16_bf16_fp32|5c|bf16_bf16_fp32_mac_5c|1119|460|1|-2.554|209.38
OK|2lane|bf16_bf16_fp32|6c|bf16_bf16_fp32_mac_6c|1081|570|1|-1.683|256.08
OK|2lane|fp4e1m2_bf16_bf16|4c|fp4e1m2_bf16_bf16_mac_4c|390|228|1|-0.388|383.14
OK|2lane|fp4e1m2_bf16_bf16|5c|fp4e1m2_bf16_bf16_mac_5c|455|320|1|-0.227|408.33
OK|2lane|fp4e1m2_bf16_bf16|6c|fp4e1m2_bf16_bf16_mac_6c|444|384|1|0.019|453.93
OK|2lane|fp4e1m2_bf16_fp32|4c|fp4e1m2_bf16_fp32_mac_4c|1057|378|1|-2.435|214.73
OK|2lane|fp4e1m2_bf16_fp32|5c|fp4e1m2_bf16_fp32_mac_5c|1057|442|1|-2.367|217.91
OK|2lane|fp4e1m2_bf16_fp32|6c|fp4e1m2_bf16_fp32_mac_6c|1044|552|1|-1.586|262.61
OK|2lane|fp4e1m2_fp16_fp16|4c|fp4e1m2_fp16_fp16_mac_4c|500|263|1|-1.234|289.35
OK|2lane|fp4e1m2_fp16_fp16|5c|fp4e1m2_fp16_fp16_mac_5c|541|323|1|-0.938|316.46
OK|2lane|fp4e1m2_fp16_fp16|6c|fp4e1m2_fp16_fp16_mac_6c|522|387|1|-0.102|430.29
OK|2lane|fp4e2m1_bf16_bf16|4c|fp4e2m1_bf16_bf16_mac_4c|391|230|1|-0.337|390.78
OK|2lane|fp4e2m1_bf16_bf16|5c|fp4e2m1_bf16_bf16_mac_5c|454|322|1|-0.225|408.66
OK|2lane|fp4e2m1_bf16_bf16|6c|fp4e2m1_bf16_bf16_mac_6c|445|386|1|0.069|464.47
OK|2lane|fp4e2m1_bf16_fp32|4c|fp4e2m1_bf16_fp32_mac_4c|1090|384|1|-2.485|212.45
OK|2lane|fp4e2m1_bf16_fp32|5c|fp4e2m1_bf16_fp32_mac_5c|1090|448|1|-2.784|199.76
OK|2lane|fp4e2m1_bf16_fp32|6c|fp4e2m1_bf16_fp32_mac_6c|1052|558|1|-1.594|262.05
OK|2lane|fp4e2m1_fp16_fp16|4c|fp4e2m1_fp16_fp16_mac_4c|502|261|1|-1.576|263.30
OK|2lane|fp4e2m1_fp16_fp16|5c|fp4e2m1_fp16_fp16_mac_5c|543|321|1|-0.919|318.37
OK|2lane|fp4e2m1_fp16_fp16|6c|fp4e2m1_fp16_fp16_mac_6c|524|385|1|-0.078|434.78
OK|2lane|fp4e3m0_bf16_bf16|4c|fp4e3m0_bf16_bf16_mac_4c|388|224|1|-0.396|381.97
OK|2lane|fp4e3m0_bf16_bf16|5c|fp4e3m0_bf16_bf16_mac_5c|453|316|1|-0.298|396.83
OK|2lane|fp4e3m0_bf16_bf16|6c|fp4e3m0_bf16_bf16_mac_6c|442|380|1|0.046|459.56
OK|2lane|fp4e3m0_bf16_fp32|4c|fp4e3m0_bf16_fp32_mac_4c|1074|378|1|-2.752|201.05
OK|2lane|fp4e3m0_bf16_fp32|5c|fp4e3m0_bf16_fp32_mac_5c|1074|442|1|-2.560|209.12
OK|2lane|fp4e3m0_bf16_fp32|6c|fp4e3m0_bf16_fp32_mac_6c|1051|552|1|-1.671|256.87
OK|2lane|fp4e3m0_fp16_fp16|4c|fp4e3m0_fp16_fp16_mac_4c|504|259|1|-1.401|276.01
OK|2lane|fp4e3m0_fp16_fp16|5c|fp4e3m0_fp16_fp16_mac_5c|545|319|1|-0.977|312.60
OK|2lane|fp4e3m0_fp16_fp16|6c|fp4e3m0_fp16_fp16_mac_6c|528|383|1|-0.045|441.11
OK|2lane|fp8e4m3_bf16_bf16|4c|fp8e4m3_bf16_bf16_mac_4c|438|246|1|-2.791|199.48
OK|2lane|fp8e4m3_bf16_bf16|5c|fp8e4m3_bf16_bf16_mac_5c|457|322|1|-0.260|402.90
OK|2lane|fp8e4m3_bf16_bf16|6c|fp8e4m3_bf16_bf16_mac_6c|446|386|1|0.010|452.08
OK|2lane|fp8e4m3_bf16_fp32|4c|fp8e4m3_bf16_fp32_mac_4c|1107|384|1|-2.554|209.38
OK|2lane|fp8e4m3_bf16_fp32|5c|fp8e4m3_bf16_fp32_mac_5c|1107|448|1|-2.481|212.63
OK|2lane|fp8e4m3_bf16_fp32|6c|fp8e4m3_bf16_fp32_mac_6c|1062|558|1|-1.538|265.96
OK|2lane|fp8e4m3_fp16_fp16|4c|fp8e4m3_fp16_fp16_mac_4c|505|265|1|-1.310|283.13
OK|2lane|fp8e4m3_fp16_fp16|5c|fp8e4m3_fp16_fp16_mac_5c|544|325|1|-1.136|297.80
OK|2lane|fp8e4m3_fp16_fp16|6c|fp8e4m3_fp16_fp16_mac_6c|527|389|1|-0.112|428.45
OK|2lane|fp8e5m2_bf16_bf16|4c|fp8e5m2_bf16_bf16_mac_4c|440|248|1|-2.894|195.47
OK|2lane|fp8e5m2_bf16_bf16|5c|fp8e5m2_bf16_bf16_mac_5c|457|324|1|-0.279|399.84
OK|2lane|fp8e5m2_bf16_bf16|6c|fp8e5m2_bf16_bf16_mac_6c|448|388|1|0.082|467.29
OK|2lane|fp8e5m2_bf16_fp32|4c|fp8e5m2_bf16_fp32_mac_4c|1106|386|1|-2.444|214.32
OK|2lane|fp8e5m2_bf16_fp32|5c|fp8e5m2_bf16_fp32_mac_5c|1106|450|1|-2.332|219.59
OK|2lane|fp8e5m2_bf16_fp32|6c|fp8e5m2_bf16_fp32_mac_6c|1068|560|1|-1.582|262.88
OK|2lane|fp8e5m2_fp16_fp16|4c|fp8e5m2_fp16_fp16_mac_4c|508|269|1|-1.253|287.77
OK|2lane|fp8e5m2_fp16_fp16|5c|fp8e5m2_fp16_fp16_mac_5c|542|329|1|-0.981|312.21
OK|2lane|fp8e5m2_fp16_fp16|6c|fp8e5m2_fp16_fp16_mac_6c|534|393|1|-0.024|445.24
OK|2lane|int_bf16_bf16|4c|int_bf16_bf16_mac_4c|469|248|1|-2.631|206.06
OK|2lane|int_bf16_bf16|5c|int_bf16_bf16_mac_5c|487|324|1|-0.358|387.60
OK|2lane|int_bf16_bf16|6c|int_bf16_bf16_mac_6c|477|388|1|0.068|464.25
OK|2lane|int_bf16_fp32|4c|int_bf16_fp32_mac_4c|1120|386|1|-2.436|214.68
OK|2lane|int_bf16_fp32|5c|int_bf16_fp32_mac_5c|1120|450|1|-2.665|204.62
OK|2lane|int_bf16_fp32|6c|int_bf16_fp32_mac_6c|1078|560|1|-1.574|263.44
OK|2lane|int_fp16_fp16|4c|int_fp16_fp16_mac_4c|540|273|1|-1.506|268.24
OK|2lane|int_fp16_fp16|5c|int_fp16_fp16_mac_5c|587|333|1|-1.095|301.48
OK|2lane|int_fp16_fp16|6c|int_fp16_fp16_mac_6c|558|397|1|-0.134|424.45
OK|4lane|fp4e1m2_fp8e4m3_fp16|4c|fp4e1m2_fp8e4m3_fp16_mac_4c|771|468|1|-1.181|293.86
OK|4lane|fp4e1m2_fp8e4m3_fp16|5c|fp4e1m2_fp8e4m3_fp16_mac_5c|882|588|1|-0.056|438.98
OK|4lane|fp4e1m2_fp8e4m3_fp16|6c|fp4e1m2_fp8e4m3_fp16_mac_6c|844|704|1|0.022|454.55
OK|4lane|fp4e1m2_fp8e4m3_fp8|4c|fp4e1m2_fp8e4m3_fp8_mac_4c|414|268|1|-0.380|384.32
OK|4lane|fp4e1m2_fp8e4m3_fp8|5c|fp4e1m2_fp8e4m3_fp8_mac_5c|414|300|1|-0.410|379.94
OK|4lane|fp4e1m2_fp8e4m3_fp8|6c|fp4e1m2_fp8e4m3_fp8_mac_6c|446|300|1|-0.387|383.29
OK|4lane|fp4e1m2_fp8e5m2_fp16|4c|fp4e1m2_fp8e5m2_fp16_mac_4c|795|456|1|-1.477|270.34
OK|4lane|fp4e1m2_fp8e5m2_fp16|5c|fp4e1m2_fp8e5m2_fp16_mac_5c|861|576|1|-0.028|444.44
OK|4lane|fp4e1m2_fp8e5m2_fp16|6c|fp4e1m2_fp8e5m2_fp16_mac_6c|816|684|1|0.002|450.45
OK|4lane|fp4e1m2_fp8e5m2_fp8|4c|fp4e1m2_fp8e5m2_fp8_mac_4c|410|260|1|-0.092|432.15
OK|4lane|fp4e1m2_fp8e5m2_fp8|5c|fp4e1m2_fp8e5m2_fp8_mac_5c|410|292|1|0.004|450.86
OK|4lane|fp4e1m2_fp8e5m2_fp8|6c|fp4e1m2_fp8e5m2_fp8_mac_6c|442|292|1|-0.092|432.15
OK|4lane|fp4e2m1_fp8e4m3_fp16|4c|fp4e2m1_fp8e4m3_fp16_mac_4c|769|466|1|-1.477|270.34
OK|4lane|fp4e2m1_fp8e4m3_fp16|5c|fp4e2m1_fp8e4m3_fp16_mac_5c|880|586|1|-0.094|431.78
OK|4lane|fp4e2m1_fp8e4m3_fp16|6c|fp4e2m1_fp8e4m3_fp16_mac_6c|842|702|1|0.017|453.51
OK|4lane|fp4e2m1_fp8e4m3_fp8|4c|fp4e2m1_fp8e4m3_fp8_mac_4c|412|264|1|-0.560|359.45
OK|4lane|fp4e2m1_fp8e4m3_fp8|5c|fp4e2m1_fp8e4m3_fp8_mac_5c|412|296|1|-0.465|372.16
OK|4lane|fp4e2m1_fp8e4m3_fp8|6c|fp4e2m1_fp8e4m3_fp8_mac_6c|444|296|1|-0.301|396.35
OK|4lane|fp4e2m1_fp8e5m2_fp16|4c|fp4e2m1_fp8e5m2_fp16_mac_4c|816|472|1|-1.210|291.38
OK|4lane|fp4e2m1_fp8e5m2_fp16|5c|fp4e2m1_fp8e5m2_fp16_mac_5c|884|592|1|-0.160|419.82
OK|4lane|fp4e2m1_fp8e5m2_fp16|6c|fp4e2m1_fp8e5m2_fp16_mac_6c|836|700|1|0.007|451.47
OK|4lane|fp4e2m1_fp8e5m2_fp8|4c|fp4e2m1_fp8e5m2_fp8_mac_4c|422|274|1|-0.045|441.11
OK|4lane|fp4e2m1_fp8e5m2_fp8|5c|fp4e2m1_fp8e5m2_fp8_mac_5c|422|306|1|-0.053|439.56
OK|4lane|fp4e2m1_fp8e5m2_fp8|6c|fp4e2m1_fp8e5m2_fp8_mac_6c|454|306|1|-0.003|449.44
OK|4lane|fp4e3m0_fp8e4m3_fp16|4c|fp4e3m0_fp8e4m3_fp16_mac_4c|767|464|1|-1.309|283.21
OK|4lane|fp4e3m0_fp8e4m3_fp16|5c|fp4e3m0_fp8e4m3_fp16_mac_5c|878|584|1|-0.043|441.50
OK|4lane|fp4e3m0_fp8e4m3_fp16|6c|fp4e3m0_fp8e4m3_fp16_mac_6c|840|700|1|0.045|459.35
OK|4lane|fp4e3m0_fp8e4m3_fp8|4c|fp4e3m0_fp8e4m3_fp8_mac_4c|412|264|1|-0.528|363.64
OK|4lane|fp4e3m0_fp8e4m3_fp8|5c|fp4e3m0_fp8e4m3_fp8_mac_5c|412|296|1|-0.504|366.84
OK|4lane|fp4e3m0_fp8e4m3_fp8|6c|fp4e3m0_fp8e4m3_fp8_mac_6c|444|296|1|-0.537|362.45
OK|4lane|fp4e3m0_fp8e5m2_fp16|4c|fp4e3m0_fp8e5m2_fp16_mac_4c|806|464|1|-1.296|284.25
OK|4lane|fp4e3m0_fp8e5m2_fp16|5c|fp4e3m0_fp8e5m2_fp16_mac_5c|874|584|1|-0.137|423.91
OK|4lane|fp4e3m0_fp8e5m2_fp16|6c|fp4e3m0_fp8e5m2_fp16_mac_6c|826|692|1|0.004|450.86
OK|4lane|fp4e3m0_fp8e5m2_fp8|4c|fp4e3m0_fp8e5m2_fp8_mac_4c|422|268|1|-0.173|417.54
OK|4lane|fp4e3m0_fp8e5m2_fp8|5c|fp4e3m0_fp8e5m2_fp8_mac_5c|422|300|1|-0.023|445.43
OK|4lane|fp4e3m0_fp8e5m2_fp8|6c|fp4e3m0_fp8e5m2_fp8_mac_6c|454|300|1|-0.056|438.98
OK|4lane|fp8e4m3_fp8e4m3_bf16|4c|fp8e4m3_fp8e4m3_bf16_mac_4c|840|440|1|-2.916|194.63
OK|4lane|fp8e4m3_fp8e4m3_bf16|5c|fp8e4m3_fp8e4m3_bf16_mac_5c|880|592|1|-0.200|412.88
OK|4lane|fp8e4m3_fp8e4m3_bf16|6c|fp8e4m3_fp8e4m3_bf16_mac_6c|854|720|1|0.002|450.45
OK|4lane|fp8e4m3_fp8e4m3_fp16|4c|fp8e4m3_fp8e4m3_fp16_mac_4c|769|468|1|-1.337|280.98
OK|4lane|fp8e4m3_fp8e4m3_fp16|5c|fp8e4m3_fp8e4m3_fp16_mac_5c|880|588|1|-0.082|434.03
OK|4lane|fp8e4m3_fp8e4m3_fp16|6c|fp8e4m3_fp8e4m3_fp16_mac_6c|842|704|1|-0.003|449.44
OK|4lane|fp8e4m3_fp8e4m3_fp8|4c|fp8e4m3_fp8e4m3_fp8_mac_4c|414|268|1|-0.505|366.70
OK|4lane|fp8e4m3_fp8e4m3_fp8|5c|fp8e4m3_fp8e4m3_fp8_mac_5c|414|300|1|-0.306|395.57
OK|4lane|fp8e4m3_fp8e4m3_fp8|6c|fp8e4m3_fp8e4m3_fp8_mac_6c|446|300|1|-0.343|389.86
OK|4lane|fp8e5m2_fp8e5m2_bf16|4c|fp8e5m2_fp8e5m2_bf16_mac_4c|837|436|1|-3.138|186.57
OK|4lane|fp8e5m2_fp8e5m2_bf16|5c|fp8e5m2_fp8e5m2_bf16_mac_5c|857|596|1|-0.620|351.86
OK|4lane|fp8e5m2_fp8e5m2_bf16|6c|fp8e5m2_fp8e5m2_bf16_mac_6c|849|716|1|0.043|458.93
OK|4lane|fp8e5m2_fp8e5m2_fp16|4c|fp8e5m2_fp8e5m2_fp16_mac_4c|810|472|1|-1.421|274.50
OK|4lane|fp8e5m2_fp8e5m2_fp16|5c|fp8e5m2_fp8e5m2_fp16_mac_5c|878|592|1|-0.189|414.77
OK|4lane|fp8e5m2_fp8e5m2_fp16|6c|fp8e5m2_fp8e5m2_fp16_mac_6c|830|700|1|0.052|460.83
OK|4lane|fp8e5m2_fp8e5m2_fp8|4c|fp8e5m2_fp8e5m2_fp8_mac_4c|422|276|1|0.008|451.67
OK|4lane|fp8e5m2_fp8e5m2_fp8|5c|fp8e5m2_fp8e5m2_fp8_mac_5c|422|308|1|0.006|451.26
OK|4lane|fp8e5m2_fp8e5m2_fp8|6c|fp8e5m2_fp8e5m2_fp8_mac_6c|454|308|1|-0.038|442.48
OK|4lane|int4_fp8e4m3_fp16|4c|int4_fp8e4m3_fp16_mac_4c|823|462|1|-1.225|290.11
OK|4lane|int4_fp8e4m3_fp16|5c|int4_fp8e4m3_fp16_mac_5c|903|582|1|-0.106|429.55
OK|4lane|int4_fp8e4m3_fp16|6c|int4_fp8e4m3_fp16_mac_6c|849|698|1|0.015|453.10
OK|4lane|int4_fp8e4m3_fp8|4c|int4_fp8e4m3_fp8_mac_4c|420|262|1|-0.534|362.84
OK|4lane|int4_fp8e4m3_fp8|5c|int4_fp8e4m3_fp8_mac_5c|420|294|1|-0.545|361.40
OK|4lane|int4_fp8e4m3_fp8|6c|int4_fp8e4m3_fp8_mac_6c|452|294|1|-0.544|361.53
OK|4lane|int4_fp8e5m2_fp16|4c|int4_fp8e5m2_fp16_mac_4c|788|456|1|-1.234|289.35
OK|4lane|int4_fp8e5m2_fp16|5c|int4_fp8e5m2_fp16_mac_5c|846|576|1|-0.046|440.92
OK|4lane|int4_fp8e5m2_fp16|6c|int4_fp8e5m2_fp16_mac_6c|806|672|1|0.001|450.25
OK|4lane|int4_fp8e5m2_fp8|4c|int4_fp8e5m2_fp8_mac_4c|421|268|1|-0.020|446.03
OK|4lane|int4_fp8e5m2_fp8|5c|int4_fp8e5m2_fp8_mac_5c|421|300|1|0.000|450.05
OK|4lane|int4_fp8e5m2_fp8|6c|int4_fp8e5m2_fp8_mac_6c|453|300|1|0.009|451.88
OK|2lane|int_fp16_fp32|5c|int_fp16_fp32_mac_5c|1054|441|1|-1.769|250.56
OK|2lane|int_fp16_fp32|6c|int_fp16_fp32_mac_6c|1028|557|1|-1.543|265.60
OK|2lane|int_fp16_fp32|4c|int_fp16_fp32_mac_4c|1054|377|1|-1.866|244.62
OK|2lane|fp8e4m3_fp16_fp32|4c|fp8e4m3_fp16_fp32_mac_4c|1002|369|1|-1.694|255.36
OK|2lane|fp8e4m3_fp16_fp32|6c|fp8e4m3_fp16_fp32_mac_6c|1010|543|1|-1.483|269.91
OK|2lane|fp8e4m3_fp16_fp32|5c|fp8e4m3_fp16_fp32_mac_5c|1002|433|1|-1.734|252.78
OK|2lane|fp8e5m2_fp16_fp32|4c|fp8e5m2_fp16_fp32_mac_4c|974|371|1|-1.599|261.71
OK|2lane|fp8e5m2_fp16_fp32|6c|fp8e5m2_fp16_fp32_mac_6c|1014|545|1|-1.634|259.34
OK|2lane|fp8e5m2_fp16_fp32|5c|fp8e5m2_fp16_fp32_mac_5c|974|435|1|-1.611|260.89
OK|2lane|fp4e1m2_fp16_fp32|4c|fp4e1m2_fp16_fp32_mac_4c|1001|367|1|-1.883|243.61
OK|2lane|fp4e1m2_fp16_fp32|6c|fp4e1m2_fp16_fp32_mac_6c|1005|541|1|-1.579|263.09
OK|2lane|fp4e1m2_fp16_fp32|5c|fp4e1m2_fp16_fp32_mac_5c|1001|431|1|-1.691|255.56
OK|2lane|fp4e2m1_fp16_fp32|4c|fp4e2m1_fp16_fp32_mac_4c|1003|365|1|-1.774|250.25
OK|2lane|fp4e2m1_fp16_fp32|5c|fp4e2m1_fp16_fp32_mac_5c|1003|429|1|-1.789|249.31
OK|2lane|fp4e2m1_fp16_fp32|6c|fp4e2m1_fp16_fp32_mac_6c|1007|539|1|-1.550|265.11
OK|2lane|fp4e3m0_fp16_fp32|5c|fp4e3m0_fp16_fp32_mac_5c|1007|427|1|-1.765|250.82
OK|2lane|fp4e3m0_fp16_fp32|6c|fp4e3m0_fp16_fp32_mac_6c|1009|537|1|-1.575|263.37
OK|2lane|fp4e3m0_fp16_fp32|4c|fp4e3m0_fp16_fp32_mac_4c|1007|363|1|-1.731|252.97
OK|2lane|int8_int8_int32|4c|int8_int8_int32_mac_4c|93|316|1|0.364|538.21
OK|2lane|int8_int8_int32|5c|int8_int8_int32_mac_5c|93|380|1|0.321|526.04
OK|2lane|int8_int8_int32|6c|int8_int8_int32_mac_6c|113|478|1|0.413|552.79
